"Symbol","Series","Date","Prev Close","Open Price","High Price","Low Price","Last Price","Close Price","Average Price","Total Traded Quantity","Turnover","No. of Trades"
"IOC","EQ","02-Feb-2018","        417.90","        415.00","        416.35","        407.50","        408.50","        408.65","        410.85","    4844239","          1990256556.45","      72087"
"IOC","EQ","05-Feb-2018","        408.65","        408.00","        411.40","        403.00","        409.00","        409.00","        408.50","    6571394","          2684405717.90","      99928"
"IOC","EQ","06-Feb-2018","        409.00","        401.90","        406.35","        400.00","        401.85","        401.30","        401.80","    6888685","          2767889053.10","     120908"
"IOC","EQ","07-Feb-2018","        401.30","        406.00","        409.75","        403.50","        407.00","        404.75","        405.99","    8710380","          3536292760.50","     116216"
"IOC","EQ","08-Feb-2018","        404.75","        388.85","        391.90","        385.00","        385.70","        385.60","        387.68","    7736486","          2999318820.25","      88253"
"IOC","EQ","09-Feb-2018","        385.60","        383.00","        383.00","        375.95","        379.45","        378.65","        378.97","    4405890","          1669689316.10","      63639"
"IOC","EQ","12-Feb-2018","        378.65","        384.50","        384.75","        375.60","        379.10","        379.05","        378.96","    3116035","          1180847446.55","      44219"
"IOC","EQ","14-Feb-2018","        379.05","        380.80","        381.75","        375.60","        376.65","        377.35","        377.56","    3806473","          1437162935.40","      71021"
"IOC","EQ","15-Feb-2018","        377.35","        378.80","        380.60","        374.30","        377.50","        376.80","        376.74","    3819270","          1438869333.35","      55959"
"IOC","EQ","16-Feb-2018","        376.80","        378.00","        379.50","        374.50","        375.00","        375.05","        376.87","    2501186","           942609607.90","      55848"
"IOC","EQ","19-Feb-2018","        375.05","        376.00","        376.90","        367.10","        369.30","        369.65","        370.69","    2490995","           923375490.00","      38970"
"IOC","EQ","20-Feb-2018","        369.65","        370.00","        371.25","        365.60","        366.00","        366.60","        368.48","    1803682","           664612014.85","      23659"
"IOC","EQ","21-Feb-2018","        366.60","        368.60","        371.80","        362.50","        368.85","        368.50","        366.16","    4396885","          1609943925.20","      53054"
"IOC","EQ","22-Feb-2018","        368.50","        367.35","        367.35","        360.65","        363.80","        363.20","        363.60","   10219350","          3715721577.60","      63816"
"IOC","EQ","23-Feb-2018","        363.20","        363.00","        369.40","        362.50","        368.10","        368.40","        366.88","    2608100","           956863728.30","      36078"
"IOC","EQ","26-Feb-2018","        368.40","        371.15","        381.80","        370.10","        377.00","        376.70","        376.72","    3474466","          1308911339.95","      54341"
"IOC","EQ","27-Feb-2018","        376.70","        379.70","        382.90","        375.10","        377.50","        377.45","        378.39","    3906960","          1478360165.90","      49249"
"IOC","EQ","28-Feb-2018","        377.45","        376.60","        381.20","        373.50","        377.95","        379.30","        377.77","    2103575","           794669724.20","      40492"
"IOC","EQ","01-Mar-2018","        379.30","        379.00","        382.75","        377.65","        382.00","        381.50","        380.48","    3630009","          1381146578.80","      48132"
"IOC","EQ","05-Mar-2018","        381.50","        384.00","        384.80","        377.10","        379.20","        379.25","        379.96","    6535934","          2483390688.90","      46406"
"IOC","EQ","06-Mar-2018","        379.25","        381.50","        392.80","        380.20","        382.00","        382.20","        386.22","    7917497","          3057881896.65","      72571"
"IOC","EQ","07-Mar-2018","        382.20","        382.65","        384.45","        378.80","        379.00","        379.40","        380.95","    5554096","          2115829065.95","      69550"
"IOC","EQ","08-Mar-2018","        379.40","        382.95","        384.75","        377.60","        382.15","        382.10","        381.26","    4560731","          1738827083.15","      94804"
"IOC","EQ","09-Mar-2018","        382.10","        383.45","        386.50","        380.60","        385.50","        385.50","        383.62","    5655780","          2169679418.45","      68485"
"IOC","EQ","12-Mar-2018","        385.50","        389.50","        403.05","        387.50","        403.00","        400.65","        394.40","   13848992","          5462021425.85","      79430"
"IOC","EQ","13-Mar-2018","        400.65","        402.00","        412.90","        402.00","        406.05","        407.85","        407.94","   18612673","          7592902816.65","     118684"
"IOC","EQ","14-Mar-2018","        407.85","        408.00","        410.90","        393.75","        394.60","        395.05","        399.77","   16701307","          6676676007.55","      87400"
"IOC","EQ","15-Mar-2018","        395.05","        191.00","        193.25","        189.25","        191.60","        192.05","        191.95","   26369935","          5061810547.05","     105296"
"IOC","EQ","16-Mar-2018","        192.05","        192.50","        192.50","        183.50","        183.95","        184.75","        185.88","   18690374","          3474247064.85","     108194"
"IOC","EQ","19-Mar-2018","        184.75","        184.70","        184.70","        176.00","        178.00","        177.90","        178.15","   19625875","          3496282431.75","      74257"
"IOC","EQ","20-Mar-2018","        177.90","        177.20","        177.70","        172.60","        173.80","        173.85","        175.10","   14209418","          2488061070.20","      63947"
"IOC","EQ","21-Mar-2018","        173.85","        174.40","        177.30","        170.50","        173.00","        172.45","        173.95","   11840058","          2059625120.60","      92424"
"IOC","EQ","22-Mar-2018","        172.45","        173.95","        173.95","        169.50","        170.30","        170.10","        170.69","    9690093","          1653957552.05","      62717"
"IOC","EQ","23-Mar-2018","        170.10","        165.00","        169.70","        165.00","        168.70","        168.85","        168.37","    8890932","          1497007826.30","      73993"
"IOC","EQ","26-Mar-2018","        168.85","        168.00","        169.00","        164.35","        168.50","        167.20","        166.49","   13271876","          2209697383.55","      76795"
"IOC","EQ","27-Mar-2018","        167.20","        169.90","        175.75","        168.80","        174.60","        174.85","        172.91","   10299533","          1780913758.15","      79206"
"IOC","EQ","28-Mar-2018","        174.85","        173.45","        178.55","        171.75","        176.95","        176.60","        174.86","   17742434","          3102489067.90","      92331"
"IOC","EQ","02-Apr-2018","        176.60","        177.90","        178.50","        169.70","        170.45","        170.45","        171.17","   14001109","          2396627452.25","      81859"
"IOC","EQ","03-Apr-2018","        170.45","        171.90","        174.60","        171.75","        174.55","        174.15","        173.41","    8435498","          1462804341.25","      50638"
"IOC","EQ","04-Apr-2018","        174.15","        174.90","        174.90","        170.15","        171.15","        171.15","        171.78","    5753755","           988366899.25","      35210"
"IOC","EQ","05-Apr-2018","        171.15","        172.90","        174.15","        171.70","        173.40","        173.55","        172.92","    4094041","           707926305.10","      24991"
"IOC","EQ","06-Apr-2018","        173.55","        176.00","        176.75","        173.60","        174.20","        174.25","        174.84","    7938351","          1387971422.05","      51384"
"IOC","EQ","09-Apr-2018","        174.25","        175.00","        180.95","        174.60","        179.75","        179.80","        179.25","   12237671","          2193592458.35","      78745"
"IOC","EQ","10-Apr-2018","        179.80","        181.30","        181.30","        177.00","        179.05","        179.30","        178.83","    5146627","           920395290.30","      38432"
"IOC","EQ","11-Apr-2018","        179.30","        177.00","        177.50","        165.65","        167.25","        167.35","        168.69","   28352223","          4782644592.65","     180715"
"IOC","EQ","12-Apr-2018","        167.35","        163.00","        170.40","        159.00","        167.90","        168.25","        166.27","   28397376","          4721523764.95","     156678"
"IOC","EQ","13-Apr-2018","        168.25","        169.60","        169.90","        164.55","        165.65","        165.35","        166.71","   11452443","          1909288860.70","      76457"
"IOC","EQ","16-Apr-2018","        165.35","        164.40","        166.45","        162.75","        165.00","        165.00","        164.48","   12701567","          2089189970.30","      54376"
"IOC","EQ","17-Apr-2018","        165.00","        165.50","        167.75","        164.65","        167.05","        167.20","        166.44","    8389084","          1396257022.35","      68721"
"IOC","EQ","18-Apr-2018","        167.20","        167.50","        167.60","        164.50","        165.20","        164.95","        165.38","    5236513","           866034904.65","      40042"
"IOC","EQ","19-Apr-2018","        164.95","        161.00","        161.95","        157.00","        158.20","        157.95","        159.01","   16984152","          2700566495.55","     122870"
"IOC","EQ","20-Apr-2018","        157.95","        157.60","        161.00","        156.75","        160.00","        160.10","        159.15","   11402029","          1814644049.35","      91309"
"IOC","EQ","23-Apr-2018","        160.10","        161.50","        163.90","        160.30","        161.70","        161.70","        162.12","   11318168","          1834911917.60","      65034"
"IOC","EQ","24-Apr-2018","        161.70","        161.05","        164.40","        160.00","        162.95","        163.05","        162.97","    7313214","          1191856741.50","      52572"
"IOC","EQ","25-Apr-2018","        163.05","        163.05","        165.20","        159.70","        160.50","        160.60","        161.84","    9312047","          1507075346.80","      53310"
"IOC","EQ","26-Apr-2018","        160.60","        160.90","        161.90","        158.25","        161.50","        161.15","        160.15","    9718844","          1556507546.05","      49838"
"IOC","EQ","27-Apr-2018","        161.15","        161.90","        163.70","        160.25","        162.70","        162.90","        162.39","    6923570","          1124300531.15","      41314"
"IOC","EQ","30-Apr-2018","        162.90","        164.90","        164.90","        161.00","        162.15","        162.30","        162.34","    4585201","           744348162.90","      29400"
"IOC","EQ","02-May-2018","        162.30","        163.40","        163.40","        160.10","        161.05","        161.15","        161.20","    7334801","          1182350847.90","      43014"
"IOC","EQ","03-May-2018","        161.15","        159.90","        162.30","        159.80","        161.50","        161.70","        161.15","    4626662","           745593632.25","      34336"
"IOC","EQ","04-May-2018","        161.70","        161.90","        162.50","        159.80","        161.00","        161.50","        161.35","    4862633","           784591736.65","      28457"
"IOC","EQ","07-May-2018","        161.50","        160.50","        165.30","        159.10","        164.00","        164.30","        162.66","    7348792","          1195349756.45","      42311"
"IOC","EQ","08-May-2018","        164.30","        162.65","        166.85","        161.50","        166.35","        166.55","        165.28","   12126899","          2004282620.90","      63317"
"IOC","EQ","09-May-2018","        166.55","        162.15","        167.90","        160.75","        166.90","        167.20","        164.57","   13486684","          2219474416.50","     101114"
"IOC","EQ","10-May-2018","        167.20","        166.10","        168.20","        165.00","        168.15","        167.95","        166.60","    8198772","          1365934008.80","      43449"
"IOC","EQ","11-May-2018","        167.95","        168.80","        173.10","        168.45","        168.75","        169.10","        170.87","   14928136","          2550742273.80","      83196"
"IOC","EQ","14-May-2018","        169.10","        170.50","        173.70","        167.55","        168.75","        168.40","        169.72","   11036302","          1873112387.85","      68706"
"IOC","EQ","15-May-2018","        168.40","        169.00","        170.00","        165.60","        167.60","        167.20","        167.83","   14647165","          2458279216.65","      76229"
"IOC","EQ","16-May-2018","        167.20","        166.50","        167.05","        163.00","        166.00","        165.95","        165.24","    8435930","          1393972843.75","      56509"
"IOC","EQ","17-May-2018","        165.95","        166.00","        167.50","        163.65","        164.20","        164.75","        165.03","    9962469","          1644153481.90","      76972"
"IOC","EQ","18-May-2018","        164.75","        164.00","        166.15","        161.65","        163.75","        163.70","        163.84","   10159287","          1664524490.05","      61549"
"IOC","EQ","21-May-2018","        163.70","        164.00","        165.75","        162.80","        165.20","        165.15","        164.22","    6378755","          1047511568.65","      40778"
"IOC","EQ","22-May-2018","        165.15","        166.80","        166.95","        157.85","        159.30","        160.50","        162.29","   18878835","          3063826757.70","     100790"
"IOC","EQ","23-May-2018","        160.50","        159.20","        160.00","        152.65","        153.40","        153.50","        155.07","   14317531","          2220156982.10","     140044"
"IOC","EQ","24-May-2018","        153.50","        155.00","        156.75","        151.10","        156.40","        155.90","        154.85","   12335067","          1910040929.25","      72368"
"IOC","EQ","25-May-2018","        155.90","        156.60","        164.50","        156.60","        164.25","        163.45","        160.68","   16641836","          2673950828.70","     114383"
"IOC","EQ","28-May-2018","        163.45","        170.00","        177.00","        169.30","        170.90","        170.45","        172.36","   23786239","          4099728393.70","     132479"
"IOC","EQ","29-May-2018","        170.45","        171.95","        174.00","        169.35","        172.30","        172.45","        172.12","   10905026","          1877006064.15","      85640"
"IOC","EQ","30-May-2018","        172.45","        170.00","        171.95","        168.80","        170.70","        170.80","        170.68","    7970875","          1360468106.45","      70158"
"IOC","EQ","31-May-2018","        170.80","        170.00","        175.70","        169.05","        174.30","        174.10","        173.46","   32872156","          5702047692.05","     107619"
"IOC","EQ","01-Jun-2018","        174.10","        174.10","        175.65","        171.20","        172.00","        172.35","        172.92","    7345661","          1270220373.80","      64335"
"IOC","EQ","04-Jun-2018","        172.35","        173.10","        175.15","        170.50","        173.90","        173.80","        173.03","    6514084","          1127143390.10","      56286"
"IOC","EQ","05-Jun-2018","        173.80","        173.50","        174.35","        171.60","        174.15","        173.95","        173.26","    4952657","           858121493.60","      59441"
"IOC","EQ","06-Jun-2018","        173.95","        173.20","        175.40","        172.05","        174.80","        174.90","        173.71","    3655986","           635084999.30","      54601"
"IOC","EQ","07-Jun-2018","        174.90","        174.90","        176.45","        172.80","        174.50","        174.80","        174.50","    8518733","          1486552437.70","      66965"
"IOC","EQ","08-Jun-2018","        174.80","        173.50","        175.50","        172.00","        175.10","        175.00","        173.99","    5311197","           924114957.05","      46840"
"IOC","EQ","11-Jun-2018","        175.00","        173.75","        176.50","        172.70","        173.10","        173.10","        174.99","    9812557","          1717097680.55","      58189"
"IOC","EQ","12-Jun-2018","        173.10","        174.00","        175.80","        173.00","        174.55","        174.15","        174.19","    7232206","          1259774056.40","      46850"
"IOC","EQ","13-Jun-2018","        174.15","        174.70","        175.50","        172.90","        175.10","        175.10","        174.12","    4976427","           866504106.25","      35788"
"IOC","EQ","14-Jun-2018","        175.10","        175.00","        175.00","        171.00","        171.50","        171.55","        172.03","    6988054","          1202161894.25","      47620"
"IOC","EQ","15-Jun-2018","        171.55","        171.50","        171.65","        167.20","        167.50","        167.75","        168.50","   10962278","          1847102315.35","      65955"
"IOC","EQ","18-Jun-2018","        167.75","        170.50","        177.20","        170.10","        173.80","        173.90","        174.66","   14477349","          2528641001.25","     112892"
"IOC","EQ","19-Jun-2018","        173.90","        173.50","        173.55","        168.00","        168.60","        168.60","        168.97","    9426151","          1592749385.45","      65411"
"IOC","EQ","20-Jun-2018","        168.60","        168.80","        169.95","        165.00","        166.05","        165.40","        165.89","    8942761","          1483556108.20","      62057"
"IOC","EQ","21-Jun-2018","        165.40","        166.35","        172.40","        163.65","        172.05","        170.25","        167.29","    9990246","          1671222481.95","      70104"
"IOC","EQ","22-Jun-2018","        170.25","        171.00","        173.00","        168.70","        169.80","        170.00","        170.65","   13172666","          2247981067.80","      87593"
"IOC","EQ","25-Jun-2018","        170.00","        169.95","        170.25","        165.40","        167.30","        167.35","        166.98","    9083645","          1516813552.40","      59118"
"IOC","EQ","26-Jun-2018","        167.35","        166.10","        170.45","        165.35","        166.60","        166.80","        168.37","    9846198","          1657822444.80","      72676"
"IOC","EQ","27-Jun-2018","        166.80","        164.90","        165.00","        154.60","        155.40","        155.65","        158.36","   14124648","          2236758056.35","      97602"
"IOC","EQ","28-Jun-2018","        155.65","        152.40","        160.50","        150.00","        154.40","        154.35","        155.71","   16810724","          2617537783.60","     110242"
"IOC","EQ","29-Jun-2018","        154.35","        155.50","        158.20","        153.80","        156.00","        156.00","        155.88","    8675702","          1352355856.35","      64583"
"IOC","EQ","02-Jul-2018","        156.00","        156.20","        157.75","        152.20","        153.35","        153.70","        154.02","    8556183","          1317785462.50","      40963"
"IOC","EQ","03-Jul-2018","        153.70","        153.70","        155.80","        153.00","        155.30","        155.30","        154.77","    8148192","          1261058341.85","      44732"
"IOC","EQ","04-Jul-2018","        155.30","        154.95","        156.35","        154.10","        155.10","        155.25","        155.12","    5945840","           922315600.10","      29596"
"IOC","EQ","05-Jul-2018","        155.25","        153.65","        157.30","        153.65","        155.75","        155.00","        155.68","    8994632","          1400290385.00","      43792"
"IOC","EQ","06-Jul-2018","        155.00","        156.20","        159.90","        155.95","        156.50","        156.70","        157.90","    9866027","          1557867967.45","      66605"
"IOC","EQ","09-Jul-2018","        156.70","        156.95","        158.80","        156.55","        157.55","        157.30","        157.50","    4165195","           656014572.30","      27423"
"IOC","EQ","10-Jul-2018","        157.30","        157.00","        157.40","        154.75","        155.10","        155.25","        156.36","    4409292","           689447974.15","      47475"
"IOC","EQ","11-Jul-2018","        155.25","        156.00","        156.40","        151.20","        155.70","        154.55","        153.90","    9578663","          1474188031.10","      64935"
"IOC","EQ","12-Jul-2018","        154.55","        160.50","        164.00","        156.25","        156.65","        156.85","        159.70","   20040131","          3200457282.20","     105823"
"IOC","EQ","13-Jul-2018","        156.85","        160.00","        160.35","        155.75","        159.40","        159.10","        158.41","   13690389","          2168736609.50","      83780"
"IOC","EQ","16-Jul-2018","        159.10","        158.95","        160.00","        157.05","        157.65","        157.50","        158.42","    5899204","           934555336.55","      37799"
"IOC","EQ","17-Jul-2018","        157.50","        161.45","        165.85","        160.10","        165.20","        164.45","        163.03","   17102464","          2788148328.65","     109418"
"IOC","EQ","18-Jul-2018","        164.45","        165.00","        168.20","        165.00","        167.10","        167.20","        166.75","    9065714","          1511741098.85","      69305"
"IOC","EQ","19-Jul-2018","        167.20","        166.80","        166.80","        162.70","        166.25","        165.80","        164.93","    3935205","           649044826.65","      43159"
"IOC","EQ","20-Jul-2018","        165.80","        164.25","        164.25","        160.50","        161.00","        161.05","        162.04","    4733720","           767057969.35","      27883"
"IOC","EQ","23-Jul-2018","        161.05","        162.50","        165.35","        162.05","        162.60","        162.50","        163.50","    4552151","           744291340.50","      38255"
"IOC","EQ","24-Jul-2018","        162.50","        163.70","        165.40","        162.00","        164.80","        164.95","        163.98","    3692596","           605497657.45","      29248"
"IOC","EQ","25-Jul-2018","        164.95","        163.60","        163.70","        160.15","        163.00","        163.10","        162.26","    5276840","           856194377.55","      32167"
"IOC","EQ","26-Jul-2018","        163.10","        162.00","        164.00","        157.60","        159.50","        158.80","        159.88","   17358562","          2775248648.60","      82547"
"IOC","EQ","27-Jul-2018","        158.80","        159.60","        166.20","        159.60","        165.35","        165.40","        162.70","    7780612","          1265886163.20","      43834"
"IOC","EQ","30-Jul-2018","        165.40","        165.40","        169.10","        164.60","        166.95","        166.45","        166.58","    7573298","          1261543661.65","      48966"
"IOC","EQ","31-Jul-2018","        166.45","        164.50","        166.10","        163.50","        164.40","        164.35","        164.31","    5825420","           957175874.80","      51529"
"IOC","EQ","01-Aug-2018","        164.35","        166.20","        169.00","        166.00","        168.20","        168.00","        167.73","   10422701","          1748244494.30","      74583"
"IOC","EQ","02-Aug-2018","        168.00","        170.00","        171.80","        168.05","        168.70","        168.70","        169.29","    8159282","          1381262105.00","      49308"
"IOC","EQ","03-Aug-2018","        168.70","        167.40","        169.80","        166.75","        168.55","        168.55","        168.56","    3642134","           613906814.05","      18233"
"IOC","EQ","06-Aug-2018","        168.55","        169.90","        169.90","        167.20","        168.20","        168.15","        168.23","    3279101","           551646565.70","      25491"
"IOC","EQ","07-Aug-2018","        168.15","        166.85","        168.75","        166.25","        166.55","        166.65","        167.10","    2534166","           423462597.20","      19993"
"IOC","EQ","08-Aug-2018","        166.65","        166.65","        168.00","        165.40","        166.00","        165.90","        166.14","    2793529","           464120104.55","      26146"
"IOC","EQ","09-Aug-2018","        165.90","        168.55","        169.20","        164.80","        165.40","        165.40","        166.50","    5341459","           889326874.90","      39073"
"IOC","EQ","10-Aug-2018","        165.40","        166.05","        168.80","        163.30","        165.85","        166.35","        165.91","    6391554","          1060451151.55","      34916"
"IOC","EQ","13-Aug-2018","        166.35","        168.00","        168.00","        160.00","        160.75","        160.65","        163.69","   10569341","          1730132786.90","      61390"
"IOC","EQ","14-Aug-2018","        160.65","        161.70","        162.30","        159.00","        160.50","        160.70","        160.76","    6120922","           984013285.75","      52692"
"IOC","EQ","16-Aug-2018","        160.70","        161.60","        162.00","        158.15","        158.70","        158.50","        159.35","    7751572","          1235240123.65","      88504"
"IOC","EQ","17-Aug-2018","        158.50","        159.00","        160.00","        158.65","        159.50","        159.55","        159.43","    3422494","           545645417.95","      55754"
"IOC","EQ","20-Aug-2018","        159.55","        159.50","        160.35","        158.10","        158.65","        158.65","        159.01","    6048047","           961670212.20","      61523"
"IOC","EQ","21-Aug-2018","        158.65","        158.25","        159.80","        157.50","        157.80","        157.70","        158.47","    5851590","           927275563.10","      53700"
"IOC","EQ","23-Aug-2018","        157.70","        157.50","        157.60","        151.80","        153.65","        153.40","        153.64","   11472744","          1762716478.20","      93507"
"IOC","EQ","24-Aug-2018","        153.40","        153.65","        155.40","        151.50","        154.50","        154.25","        153.78","    8881220","          1365786628.30","      64239"
"IOC","EQ","27-Aug-2018","        154.25","        155.00","        156.80","        154.65","        156.50","        156.10","        155.67","    4403507","           685496901.30","      28512"
"IOC","EQ","28-Aug-2018","        156.10","        156.50","        157.40","        154.65","        155.70","        155.55","        156.01","    4438707","           692462587.15","      46036"
"IOC","EQ","29-Aug-2018","        155.55","        156.10","        156.95","        155.30","        156.50","        156.50","        156.31","    3540359","           553377987.20","      46432"
"IOC","EQ","30-Aug-2018","        156.50","        155.70","        155.95","        153.90","        154.45","        154.25","        154.50","    6850784","          1058416833.30","      54255"
"IOC","EQ","31-Aug-2018","        154.25","        154.15","        156.30","        153.05","        155.60","        155.55","        154.94","    5240824","           812011228.95","      41542"
"IOC","EQ","03-Sep-2018","        155.55","        157.00","        157.00","        154.60","        154.90","        155.00","        155.89","    4167775","           649716709.95","      27245"
"IOC","EQ","04-Sep-2018","        155.00","        154.90","        154.90","        152.10","        152.35","        152.45","        153.33","    4350544","           667071570.40","      36100"
"IOC","EQ","05-Sep-2018","        152.45","        152.00","        153.50","        150.00","        153.10","        152.80","        151.33","    6771082","          1024694499.10","      60321"
"IOC","EQ","06-Sep-2018","        152.80","        153.95","        154.40","        151.60","        153.20","        153.60","        153.18","    5735872","           878598537.75","      54496"
"IOC","EQ","07-Sep-2018","        153.60","        154.30","        154.40","        152.50","        153.35","        153.40","        153.31","    6117229","           937821419.50","      60643"
"IOC","EQ","10-Sep-2018","        153.40","        153.00","        153.00","        150.40","        151.15","        151.05","        151.41","    6619280","          1002245733.50","      41075"
"IOC","EQ","11-Sep-2018","        151.05","        151.10","        152.85","        150.15","        150.60","        150.70","        151.08","    7963226","          1203105363.65","      59959"
"IOC","EQ","12-Sep-2018","        150.70","        149.70","        149.70","        145.55","        149.15","        149.10","        147.42","    9516781","          1402955439.50","      62997"
"IOC","EQ","14-Sep-2018","        149.10","        151.50","        156.00","        151.05","        155.50","        155.25","        153.65","    8910097","          1369039422.35","      62187"
"IOC","EQ","17-Sep-2018","        155.25","        154.10","        158.85","        153.10","        156.50","        156.55","        156.99","   11622274","          1824578147.45","      54407"
"IOC","EQ","18-Sep-2018","        156.55","        157.40","        157.70","        152.00","        152.55","        152.60","        154.67","    5269201","           814964955.85","      37518"
"IOC","EQ","19-Sep-2018","        152.60","        152.60","        155.30","        151.55","        153.35","        153.55","        153.91","    5819078","           895608674.85","      39306"
"IOC","EQ","21-Sep-2018","        153.55","        155.90","        159.30","        154.50","        157.70","        158.15","        157.65","   19078869","          3007872922.70","      99128"
"IOC","EQ","24-Sep-2018","        158.15","        157.65","        160.20","        154.00","        155.05","        154.95","        157.27","    7021959","          1104366450.10","      53102"
"IOC","EQ","25-Sep-2018","        154.95","        152.40","        155.85","        151.00","        155.00","        154.15","        153.06","    6688716","          1023795295.70","      43838"
"IOC","EQ","26-Sep-2018","        154.15","        156.00","        156.20","        152.30","        154.50","        154.45","        153.79","    4795841","           737551910.30","      46955"
"IOC","EQ","27-Sep-2018","        154.45","        154.75","        155.00","        152.00","        153.00","        152.65","        152.88","    9068384","          1386353413.40","      49391"
"IOC","EQ","28-Sep-2018","        152.65","        153.00","        154.70","        151.35","        154.00","        153.35","        153.25","    4977135","           762757758.25","      57888"
"IOC","EQ","01-Oct-2018","        153.35","        153.00","        155.00","        150.00","        154.70","        153.95","        152.02","    6344801","           964538673.45","      40762"
"IOC","EQ","03-Oct-2018","        153.95","        151.50","        159.10","        151.10","        158.45","        158.40","        156.41","    8151662","          1274965968.50","      55843"
"IOC","EQ","04-Oct-2018","        158.40","        157.90","        158.35","        126.75","        129.50","        140.30","        147.29","   15592520","          2296672586.35","      85821"
"IOC","EQ","05-Oct-2018","        140.30","        126.30","        126.30","        105.25","        117.50","        118.05","        117.90","   80885401","          9536325452.85","     379888"
"IOC","EQ","08-Oct-2018","        118.05","        122.00","        125.70","        117.60","        125.00","        124.85","        122.96","   30726195","          3777940616.95","     199727"
"IOC","EQ","09-Oct-2018","        124.85","        125.95","        126.70","        120.30","        122.70","        122.65","        122.93","   11260171","          1384189383.50","      87605"
"IOC","EQ","10-Oct-2018","        122.65","        123.00","        128.20","        122.05","        123.60","        124.00","        124.57","   10735967","          1337422750.70","      82169"
"IOC","EQ","11-Oct-2018","        124.00","        122.90","        133.95","        120.50","        131.15","        131.00","        128.09","   27978739","          3583865563.25","     204106"
"IOC","EQ","12-Oct-2018","        131.00","        135.35","        136.75","        133.15","        133.60","        133.90","        134.45","   14166649","          1904665937.25","     108816"
"IOC","EQ","15-Oct-2018","        133.90","        135.00","        135.80","        129.60","        134.80","        135.05","        133.13","    9010926","          1199618237.85","      64933"
"IOC","EQ","16-Oct-2018","        135.05","        135.55","        136.95","        133.30","        135.60","        135.45","        135.10","    8759088","          1183314536.70","      84074"
"IOC","EQ","17-Oct-2018","        135.45","        136.00","        136.50","        131.75","        132.35","        132.30","        133.78","    6507467","           870553427.50","      41059"
"IOC","EQ","19-Oct-2018","        132.30","        134.90","        134.90","        131.70","        132.80","        133.15","        133.22","   10476750","          1395731083.25","      66683"
"IOC","EQ","22-Oct-2018","        133.15","        134.70","        134.80","        129.10","        129.30","        129.75","        130.57","    7167556","           935841612.90","      49028"
"IOC","EQ","23-Oct-2018","        129.75","        128.00","        131.30","        125.00","        131.00","        130.00","        127.39","   10590075","          1349036105.95","      77742"
"IOC","EQ","24-Oct-2018","        130.00","        134.00","        139.25","        132.90","        137.50","        137.55","        135.62","   17261345","          2341057808.80","     106896"
"IOC","EQ","25-Oct-2018","        137.55","        136.15","        141.55","        135.30","        139.65","        140.10","        139.40","   20846952","          2906090478.70","      94834"
"IOC","EQ","26-Oct-2018","        140.10","        139.25","        139.90","        135.10","        137.95","        137.65","        137.69","    9714145","          1337504755.75","      67184"
"IOC","EQ","29-Oct-2018","        137.65","        137.75","        141.85","        135.80","        141.30","        141.45","        139.08","    5438158","           756325886.25","      39170"
"IOC","EQ","30-Oct-2018","        141.45","        140.00","        140.50","        135.65","        136.30","        136.30","        138.28","    6910360","           955594960.10","      64191"
"IOC","EQ","31-Oct-2018","        136.30","        137.00","        138.95","        135.05","        137.90","        138.45","        137.12","    6364735","           872737041.90","      54176"
"IOC","EQ","01-Nov-2018","        138.45","        139.75","        142.95","        139.00","        141.80","        141.85","        141.24","   13189131","          1862819718.90","      62150"
"IOC","EQ","02-Nov-2018","        141.85","        146.20","        151.40","        145.20","        148.05","        148.25","        148.13","   16785626","          2486457645.65","     111274"
"IOC","EQ","05-Nov-2018","        148.25","        146.50","        146.50","        139.40","        140.60","        140.30","        141.24","   13295509","          1877903774.95","      89101"
"IOC","EQ","06-Nov-2018","        140.30","        141.00","        141.45","        136.50","        137.45","        137.35","        137.71","   10164542","          1399747942.80","      78871"
"IOC","EQ","07-Nov-2018","        137.35","        139.00","        139.40","        138.35","        139.00","        138.95","        139.01","    1173971","           163191695.35","      11335"
"IOC","EQ","09-Nov-2018","        138.95","        140.50","        142.70","        140.40","        141.65","        141.65","        141.67","    8628411","          1222411368.10","      56497"
"IOC","EQ","12-Nov-2018","        141.65","        141.60","        141.60","        134.25","        135.20","        135.05","        138.32","   10438326","          1443865370.80","     100995"
"IOC","EQ","13-Nov-2018","        135.05","        137.05","        142.30","        137.00","        141.05","        141.40","        140.10","   14884569","          2085400042.65","      85349"
"IOC","EQ","14-Nov-2018","        141.40","        146.00","        155.50","        144.20","        145.20","        145.40","        149.94","   28107114","          4214449883.75","     206134"
"IOC","EQ","15-Nov-2018","        145.40","        146.00","        148.70","        142.75","        146.35","        146.65","        145.88","    7801533","          1138126436.30","      53116"
"IOC","EQ","16-Nov-2018","        146.65","        144.60","        145.70","        141.25","        143.25","        143.35","        143.44","    8661035","          1242331211.80","      64265"
"IOC","EQ","19-Nov-2018","        143.35","        144.00","        144.65","        140.00","        142.70","        142.55","        142.09","    7056119","          1002634338.00","      56936"
"IOC","EQ","20-Nov-2018","        142.55","        143.80","        144.90","        138.00","        139.00","        139.05","        141.64","   10075993","          1427165084.95","      87072"
"IOC","EQ","21-Nov-2018","        139.05","        145.40","        148.50","        141.10","        141.40","        141.60","        143.33","   17200761","          2465456988.25","     118144"
"IOC","EQ","22-Nov-2018","        141.60","        141.95","        142.30","        138.00","        138.25","        138.25","        139.31","    8924144","          1243244315.10","      66290"
"IOC","EQ","26-Nov-2018","        138.25","        142.50","        143.00","        136.05","        137.55","        136.95","        138.37","   19288794","          2668913126.95","     144668"
"IOC","EQ","27-Nov-2018","        136.95","        136.45","        139.65","        135.25","        137.95","        138.45","        137.77","   18224941","          2510776154.50","     124504"
"IOC","EQ","28-Nov-2018","        138.45","        137.30","        138.25","        133.45","        134.00","        134.05","        135.26","   20450770","          2766209531.00","     142385"
"IOC","EQ","29-Nov-2018","        134.05","        136.50","        136.50","        132.10","        135.20","        134.85","        134.22","   25538361","          3427782406.95","     150611"
"IOC","EQ","30-Nov-2018","        134.85","        135.50","        135.90","        132.40","        135.00","        134.60","        133.72","   30122132","          4027980657.65","     156728"
"IOC","EQ","03-Dec-2018","        134.60","        133.70","        134.30","        132.40","        132.85","        132.80","        133.32","   11101159","          1480036978.60","      49785"
"IOC","EQ","04-Dec-2018","        132.80","        132.50","        136.25","        132.20","        135.70","        135.65","        134.56","    9410020","          1266248928.55","      57410"
"IOC","EQ","05-Dec-2018","        135.65","        135.45","        138.20","        132.55","        134.20","        134.30","        134.93","   10988473","          1482703163.05","      69673"
"IOC","EQ","06-Dec-2018","        134.30","        133.00","        133.25","        129.65","        131.00","        130.75","        131.67","    9198267","          1211171893.25","      71109"
"IOC","EQ","07-Dec-2018","        130.75","        132.75","        133.60","        128.70","        130.00","        129.75","        130.43","   13748101","          1793187569.85","      89392"
"IOC","EQ","10-Dec-2018","        129.75","        129.50","        135.70","        127.50","        134.30","        134.35","        132.41","   50610060","          6701355972.30","     186297"
"IOC","EQ","11-Dec-2018","        134.35","        134.00","        134.00","        129.55","        132.00","        131.95","        131.79","   21799139","          2872922058.50","     109092"
"IOC","EQ","12-Dec-2018","        131.95","        132.00","        136.90","        131.65","        136.35","        136.10","        134.19","   18708955","          2510487243.00","      93510"
"IOC","EQ","13-Dec-2018","        136.10","        138.45","        138.90","        136.35","        137.75","        137.40","        137.48","   17570018","          2415578982.20","      77112"
"IOC","EQ","14-Dec-2018","        137.40","        141.15","        142.50","        140.10","        141.30","        141.25","        141.40","   39439207","          5576811460.45","     165774"
"IOC","EQ","17-Dec-2018","        141.25","        142.60","        143.10","        141.30","        143.00","        142.90","        142.34","   18481348","          2630621690.50","     103720"
"IOC","EQ","18-Dec-2018","        142.90","        143.70","        145.00","        143.00","        144.75","        144.75","        143.94","   20050465","          2885974276.50","      87369"
"IOC","EQ","19-Dec-2018","        144.75","        147.00","        147.75","        145.55","        146.00","        145.95","        146.25","   18132865","          2652005492.40","      96014"
"IOC","EQ","20-Dec-2018","        145.95","        145.55","        148.25","        144.90","        148.00","        147.85","        146.67","   21555488","          3161644695.80","      85946"
"IOC","EQ","21-Dec-2018","        147.85","        141.80","        142.80","        139.10","        139.80","        139.75","        140.39","   34680959","          4868781394.50","     154769"
"IOC","EQ","24-Dec-2018","        139.75","        140.50","        140.90","        134.30","        135.40","        135.05","        136.74","   14877792","          2034367932.80","      71784"
"IOC","EQ","26-Dec-2018","        135.05","        136.30","        137.20","        134.30","        134.60","        134.65","        135.33","   18564231","          2512305714.00","      99319"
"IOC","EQ","27-Dec-2018","        134.65","        134.60","        135.20","        131.00","        134.60","        133.90","        133.54","   46704031","          6237007239.95","     103154"
"IOC","EQ","28-Dec-2018","        133.90","        134.60","        138.70","        134.20","        138.20","        138.20","        137.41","   16519862","          2269915776.80","      89147"
"IOC","EQ","31-Dec-2018","        138.20","        138.60","        139.00","        136.55","        137.20","        137.05","        137.87","    7360454","          1014804203.35","      46737"
"IOC","EQ","01-Jan-2019","        137.05","        137.20","        138.00","        136.30","        137.60","        137.70","        137.12","    4059229","           556585392.20","      22525"
"IOC","EQ","02-Jan-2019","        137.70","        137.30","        138.20","        134.10","        136.70","        137.25","        136.51","   11509773","          1571207203.55","      51738"
"IOC","EQ","03-Jan-2019","        137.25","        137.20","        137.20","        132.15","        132.70","        132.65","        133.74","   13059163","          1746533534.25","      81566"
"IOC","EQ","04-Jan-2019","        132.65","        132.65","        134.95","        132.50","        133.90","        133.95","        134.02","    7277203","           975286081.30","      52916"
"IOC","EQ","07-Jan-2019","        133.95","        134.50","        134.75","        132.50","        133.20","        133.45","        133.48","   10623470","          1418064519.90","      52165"
"IOC","EQ","08-Jan-2019","        133.45","        133.60","        134.20","        132.70","        133.95","        134.00","        133.42","    6870682","           916692815.95","      44463"
"IOC","EQ","09-Jan-2019","        134.00","        133.75","        134.30","        131.60","        132.00","        132.00","        132.52","    8349450","          1106461770.05","      63545"
"IOC","EQ","10-Jan-2019","        132.00","        131.10","        131.80","        129.45","        130.05","        129.90","        130.24","   10687270","          1391869678.00","      74702"
"IOC","EQ","11-Jan-2019","        129.90","        130.50","        131.55","        130.35","        131.05","        131.20","        131.12","    7589370","           995135042.95","      55160"
"IOC","EQ","14-Jan-2019","        131.20","        133.00","        133.15","        131.00","        132.15","        132.30","        131.81","    8986002","          1184431688.60","      52479"
"IOC","EQ","15-Jan-2019","        132.30","        132.60","        134.75","        132.55","        134.45","        134.55","        133.83","    6386411","           854723563.05","      41258"
"IOC","EQ","16-Jan-2019","        134.55","        135.00","        136.00","        134.15","        135.90","        135.80","        135.40","    6605251","           894327956.90","      55624"
"IOC","EQ","17-Jan-2019","        135.80","        136.00","        138.30","        135.30","        137.50","        137.65","        137.43","   11644105","          1600254649.00","      69174"
"IOC","EQ","18-Jan-2019","        137.65","        137.50","        138.70","        137.15","        137.55","        137.85","        137.84","    7023754","           968156792.90","      45535"
"IOC","EQ","21-Jan-2019","        137.85","        137.00","        137.80","        135.45","        135.50","        135.65","        136.16","    5191531","           706897682.30","      29661"
"IOC","EQ","22-Jan-2019","        135.65","        135.95","        137.30","        135.35","        136.00","        135.95","        136.29","    7120979","           970549893.60","      48991"
"IOC","EQ","23-Jan-2019","        135.95","        136.50","        136.80","        135.10","        135.90","        136.10","        135.96","    5367900","           729801338.85","      43089"
"IOC","EQ","24-Jan-2019","        136.10","        136.25","        138.20","        136.10","        136.80","        136.80","        136.93","    6161313","           843662666.65","      41008"
"IOC","EQ","25-Jan-2019","        136.80","        136.80","        138.80","        136.80","        137.45","        137.75","        138.12","    6255229","           863964611.85","      42017"
"IOC","EQ","28-Jan-2019","        137.75","        137.20","        138.35","        136.40","        138.25","        138.05","        137.84","    5570306","           767836268.40","      29399"
"IOC","EQ","29-Jan-2019","        138.05","        138.00","        139.55","        136.50","        137.10","        137.35","        138.10","    8366609","          1155391316.00","      66396"
"IOC","EQ","30-Jan-2019","        137.35","        137.15","        138.00","        132.65","        134.10","        134.55","        135.30","   16613250","          2247803312.30","      88348"
"IOC","EQ","31-Jan-2019","        134.55","        133.00","        138.30","        132.25","        136.90","        136.85","        136.48","   32332758","          4412867423.30","      89508"
"IOC","EQ","01-Feb-2019","        136.85","        137.35","        138.50","        136.15","        137.35","        137.20","        137.34","    5092724","           699412383.55","      28981"
